企業名,ホームページ,判明した担当者名,肩書き,判定区分,信頼スコア,出典URL,推奨トーク案
ジェイティプラントサービス株式会社,https://www.openwork.jp/company.php?m_id=a0C2x00000Vwod3,担当者,採用,確定候補,35,https://www.openwork.jp/about,ジェイティプラントサービス株式会社様の採用情報を拝見し、採用の担当者様にお力添えできる内容がありご連絡しました。
ジェイティプラントサービス株式会社,https://www.openwork.jp/company.php?m_id=a0C2x00000Vwod3,求人,採用,確定候補,32,https://www.openwork.jp/about,ジェイティプラントサービス株式会社様の採用情報を拝見し、採用の求人様にお力添えできる内容がありご連絡しました。
ジェイティプラントサービス株式会社,https://www.openwork.jp/company.php?m_id=a0C2x00000Vwod3,社員,採用,確定候補,32,https://www.openwork.jp/about,ジェイティプラントサービス株式会社様の採用情報を拝見し、採用の社員様にお力添えできる内容がありご連絡しました。
ジェイティプラントサービス株式会社,https://www.openwork.jp/company.php?m_id=a0C2x00000Vwod3,担当者,採用,確定候補,35,https://www.openwork.jp/company_list,ジェイティプラントサービス株式会社様の採用情報を拝見し、採用の担当者様にお力添えできる内容がありご連絡しました。
ジェイティプラントサービス株式会社,https://www.openwork.jp/company.php?m_id=a0C2x00000Vwod3,転職,採用,確定候補,32,https://www.openwork.jp/company_list,ジェイティプラントサービス株式会社様の採用情報を拝見し、採用の転職様にお力添えできる内容がありご連絡しました。
ジェイティプラントサービス株式会社,https://www.openwork.jp/company.php?m_id=a0C2x00000Vwod3,求人,採用,確定候補,32,https://www.openwork.jp/company_list,ジェイティプラントサービス株式会社様の採用情報を拝見し、採用の求人様にお力添えできる内容がありご連絡しました。
ジェイティプラントサービス株式会社,https://www.openwork.jp/company.php?m_id=a0C2x00000Vwod3,担当者,採用,確定候補,35,https://www.openwork.jp/company.php?m_id=a0C2x00000Vwod3,ジェイティプラントサービス株式会社様の採用情報を拝見し、採用の担当者様にお力添えできる内容がありご連絡しました。
ジェイティプラントサービス株式会社,https://www.openwork.jp/company.php?m_id=a0C2x00000Vwod3,社員,採用,確定候補,32,https://www.openwork.jp/company.php?m_id=a0C2x00000Vwod3,ジェイティプラントサービス株式会社様の採用情報を拝見し、採用の社員様にお力添えできる内容がありご連絡しました。
ジェイティプラントサービス株式会社,https://www.openwork.jp/company.php?m_id=a0C2x00000Vwod3,就職,採用,確定候補,32,https://www.openwork.jp/company.php?m_id=a0C2x00000Vwod3,ジェイティプラントサービス株式会社様の採用情報を拝見し、採用の就職様にお力添えできる内容がありご連絡しました。
オークラアクトシティホテルマネジメント株式会社,"https://okura.com/ja/about-us/corporate-overview/#:~:text=2015%E5%B9%B410%E6%9C%881,%E3%83%9E%E3%83%8D%E3%82%B8%E3%83%A1%E3%83%B3%E3%83%88%E3%81%A8%E3%81%84%E3%81%9F%E3%81%97%E3%81%BE%E3%81%97%E3%81%9F%E3%80%82",会員向,採用,確定候補,24,https://okura.com/ja/press-room/,オークラアクトシティホテルマネジメント株式会社様の採用情報を拝見し、採用の会員向様にお力添えできる内容がありご連絡しました。
オークラアクトシティホテルマネジメント株式会社,"https://okura.com/ja/about-us/corporate-overview/#:~:text=2015%E5%B9%B410%E6%9C%881,%E3%83%9E%E3%83%8D%E3%82%B8%E3%83%A1%E3%83%B3%E3%83%88%E3%81%A8%E3%81%84%E3%81%9F%E3%81%97%E3%81%BE%E3%81%97%E3%81%9F%E3%80%82",会員誌,採用,確定候補,24,https://okura.com/ja/press-room/,オークラアクトシティホテルマネジメント株式会社様の採用情報を拝見し、採用の会員誌様にお力添えできる内容がありご連絡しました。
オークラアクトシティホテルマネジメント株式会社,"https://okura.com/ja/about-us/corporate-overview/#:~:text=2015%E5%B9%B410%E6%9C%881,%E3%83%9E%E3%83%8D%E3%82%B8%E3%83%A1%E3%83%B3%E3%83%88%E3%81%A8%E3%81%84%E3%81%9F%E3%81%97%E3%81%BE%E3%81%97%E3%81%9F%E3%80%82",会社概要 株式会社,採用,確定候補,24,https://okura.com/ja/press-room/,オークラアクトシティホテルマネジメント株式会社様の採用情報を拝見し、採用の会社概要 株式会社様にお力添えできる内容がありご連絡しました。
オークラアクトシティホテルマネジメント株式会社,"https://okura.com/ja/about-us/corporate-overview/#:~:text=2015%E5%B9%B410%E6%9C%881,%E3%83%9E%E3%83%8D%E3%82%B8%E3%83%A1%E3%83%B3%E3%83%88%E3%81%A8%E3%81%84%E3%81%9F%E3%81%97%E3%81%BE%E3%81%97%E3%81%9F%E3%80%82",沿革 会社概要,採用,確定候補,24,https://okura.com/ja/about-us/,オークラアクトシティホテルマネジメント株式会社様の採用情報を拝見し、採用の沿革 会社概要様にお力添えできる内容がありご連絡しました。
オークラアクトシティホテルマネジメント株式会社,"https://okura.com/ja/about-us/corporate-overview/#:~:text=2015%E5%B9%B410%E6%9C%881,%E3%83%9E%E3%83%8D%E3%82%B8%E3%83%A1%E3%83%B3%E3%83%88%E3%81%A8%E3%81%84%E3%81%9F%E3%81%97%E3%81%BE%E3%81%97%E3%81%9F%E3%80%82",基本方針,採用,確定候補,24,https://okura.com/ja/about-us/,オークラアクトシティホテルマネジメント株式会社様の採用情報を拝見し、採用の基本方針様にお力添えできる内容がありご連絡しました。
オークラアクトシティホテルマネジメント株式会社,"https://okura.com/ja/about-us/corporate-overview/#:~:text=2015%E5%B9%B410%E6%9C%881,%E3%83%9E%E3%83%8D%E3%82%B8%E3%83%A1%E3%83%B3%E3%83%88%E3%81%A8%E3%81%84%E3%81%9F%E3%81%97%E3%81%BE%E3%81%97%E3%81%9F%E3%80%82",会社概要 株式会社,採用,確定候補,24,https://okura.com/ja/about-us/,オークラアクトシティホテルマネジメント株式会社様の採用情報を拝見し、採用の会社概要 株式会社様にお力添えできる内容がありご連絡しました。
オークラアクトシティホテルマネジメント株式会社,"https://okura.com/ja/about-us/corporate-overview/#:~:text=2015%E5%B9%B410%E6%9C%881,%E3%83%9E%E3%83%8D%E3%82%B8%E3%83%A1%E3%83%B3%E3%83%88%E3%81%A8%E3%81%84%E3%81%9F%E3%81%97%E3%81%BE%E3%81%97%E3%81%9F%E3%80%82",沿革,採用,確定候補,24,https://okura.com/ja/about-us/history/,オークラアクトシティホテルマネジメント株式会社様の採用情報を拝見し、採用の沿革様にお力添えできる内容がありご連絡しました。
オークラアクトシティホテルマネジメント株式会社,"https://okura.com/ja/about-us/corporate-overview/#:~:text=2015%E5%B9%B410%E6%9C%881,%E3%83%9E%E3%83%8D%E3%82%B8%E3%83%A1%E3%83%B3%E3%83%88%E3%81%A8%E3%81%84%E3%81%9F%E3%81%97%E3%81%BE%E3%81%97%E3%81%9F%E3%80%82",会社概要 株式会社,採用,確定候補,24,https://okura.com/ja/about-us/history/,オークラアクトシティホテルマネジメント株式会社様の採用情報を拝見し、採用の会社概要 株式会社様にお力添えできる内容がありご連絡しました。
オークラアクトシティホテルマネジメント株式会社,"https://okura.com/ja/about-us/corporate-overview/#:~:text=2015%E5%B9%B410%E6%9C%881,%E3%83%9E%E3%83%8D%E3%82%B8%E3%83%A1%E3%83%B3%E3%83%88%E3%81%A8%E3%81%84%E3%81%9F%E3%81%97%E3%81%BE%E3%81%97%E3%81%9F%E3%80%82",沿革 会社概要,採用,確定候補,22,https://okura.com/ja/about-us/history/,オークラアクトシティホテルマネジメント株式会社様の採用情報を拝見し、採用の沿革 会社概要様にお力添えできる内容がありご連絡しました。
オークラアクトシティホテルマネジメント株式会社,"https://okura.com/ja/about-us/corporate-overview/#:~:text=2015%E5%B9%B410%E6%9C%881,%E3%83%9E%E3%83%8D%E3%82%B8%E3%83%A1%E3%83%B3%E3%83%88%E3%81%A8%E3%81%84%E3%81%9F%E3%81%97%E3%81%BE%E3%81%97%E3%81%9F%E3%80%82",入会,採用,確定候補,24,https://okura.com/ja/about-us/careers/,オークラアクトシティホテルマネジメント株式会社様の採用情報を拝見し、採用の入会様にお力添えできる内容がありご連絡しました。
オークラアクトシティホテルマネジメント株式会社,"https://okura.com/ja/about-us/corporate-overview/#:~:text=2015%E5%B9%B410%E6%9C%881,%E3%83%9E%E3%83%8D%E3%82%B8%E3%83%A1%E3%83%B3%E3%83%88%E3%81%A8%E3%81%84%E3%81%9F%E3%81%97%E3%81%BE%E3%81%97%E3%81%9F%E3%80%82",会社概要 株式会社,採用,確定候補,24,https://okura.com/ja/about-us/careers/,オークラアクトシティホテルマネジメント株式会社様の採用情報を拝見し、採用の会社概要 株式会社様にお力添えできる内容がありご連絡しました。
オークラアクトシティホテルマネジメント株式会社,"https://okura.com/ja/about-us/corporate-overview/#:~:text=2015%E5%B9%B410%E6%9C%881,%E3%83%9E%E3%83%8D%E3%82%B8%E3%83%A1%E3%83%B3%E3%83%88%E3%81%A8%E3%81%84%E3%81%9F%E3%81%97%E3%81%BE%E3%81%97%E3%81%9F%E3%80%82",沿革 会社概要,採用,確定候補,22,https://okura.com/ja/about-us/careers/,オークラアクトシティホテルマネジメント株式会社様の採用情報を拝見し、採用の沿革 会社概要様にお力添えできる内容がありご連絡しました。
オークラアクトシティホテルマネジメント株式会社,"https://okura.com/ja/about-us/corporate-overview/#:~:text=2015%E5%B9%B410%E6%9C%881,%E3%83%9E%E3%83%8D%E3%82%B8%E3%83%A1%E3%83%B3%E3%83%88%E3%81%A8%E3%81%84%E3%81%9F%E3%81%97%E3%81%BE%E3%81%97%E3%81%9F%E3%80%82",保成 執行役員,採用,確定候補,24,https://okura.com/ja/about-us/corporate-overview/,オークラアクトシティホテルマネジメント株式会社様の採用情報を拝見し、採用の保成 執行役員様にお力添えできる内容がありご連絡しました。
オークラアクトシティホテルマネジメント株式会社,"https://okura.com/ja/about-us/corporate-overview/#:~:text=2015%E5%B9%B410%E6%9C%881,%E3%83%9E%E3%83%8D%E3%82%B8%E3%83%A1%E3%83%B3%E3%83%88%E3%81%A8%E3%81%84%E3%81%9F%E3%81%97%E3%81%BE%E3%81%97%E3%81%9F%E3%80%82",小田 文雄,採用,確定候補,24,https://okura.com/ja/about-us/corporate-overview/,オークラアクトシティホテルマネジメント株式会社様の採用情報を拝見し、採用の小田 文雄様にお力添えできる内容がありご連絡しました。
オークラアクトシティホテルマネジメント株式会社,"https://okura.com/ja/about-us/corporate-overview/#:~:text=2015%E5%B9%B410%E6%9C%881,%E3%83%9E%E3%83%8D%E3%82%B8%E3%83%A1%E3%83%B3%E3%83%88%E3%81%A8%E3%81%84%E3%81%9F%E3%81%97%E3%81%BE%E3%81%97%E3%81%9F%E3%80%82",日現在,採用,確定候補,24,https://okura.com/ja/about-us/corporate-overview/,オークラアクトシティホテルマネジメント株式会社様の採用情報を拝見し、採用の日現在様にお力添えできる内容がありご連絡しました。
中田食品株式会社,https://www.nakatafoods.co.jp/kisyu_ume_no_sato_,和歌山県田辺市下,採用,確定候補,24,https://www.nakatafoods.co.jp/about/news/detail/41,中田食品株式会社様の採用情報を拝見し、採用の和歌山県田辺市下様にお力添えできる内容がありご連絡しました。
中田食品株式会社,https://www.nakatafoods.co.jp/kisyu_ume_no_sato_,三栖,採用,確定候補,24,https://www.nakatafoods.co.jp/about/news/detail/41,中田食品株式会社様の採用情報を拝見し、採用の三栖様にお力添えできる内容がありご連絡しました。
中田食品株式会社,https://www.nakatafoods.co.jp/kisyu_ume_no_sato_,浅草,採用,確定候補,22,https://www.nakatafoods.co.jp/about/news/detail/41,中田食品株式会社様の採用情報を拝見し、採用の浅草様にお力添えできる内容がありご連絡しました。
中田食品株式会社,https://www.nakatafoods.co.jp/kisyu_ume_no_sato_,安全,採用,確定候補,22,https://www.nakatafoods.co.jp/about,中田食品株式会社様の採用情報を拝見し、採用の安全様にお力添えできる内容がありご連絡しました。
中田食品株式会社,https://www.nakatafoods.co.jp/kisyu_ume_no_sato_,安心,採用,確定候補,22,https://www.nakatafoods.co.jp/about,中田食品株式会社様の採用情報を拝見し、採用の安心様にお力添えできる内容がありご連絡しました。
株式会社アステムソリューション,"https://www.openwork.jp/company_answer.php?m_id=a0910000000G0Z5&q_no=2#:~:text=%E3%82%A2%E3%82%B9%E3%83%86%E3%83%A0%E3%81%AE%E5%B9%B4%E5%8F%8E%E3%81%AE%E5%86%85%E8%A8%B3,7%25%E3%81%A8%E3%81%AA%E3%81%A3%E3%81%A6%E3%81%84%E3%81%BE%E3%81%99%E3%80%82",担当者,採用,確定候補,35,https://www.openwork.jp/about,株式会社アステムソリューション様の採用情報を拝見し、採用の担当者様にお力添えできる内容がありご連絡しました。
株式会社アステムソリューション,"https://www.openwork.jp/company_answer.php?m_id=a0910000000G0Z5&q_no=2#:~:text=%E3%82%A2%E3%82%B9%E3%83%86%E3%83%A0%E3%81%AE%E5%B9%B4%E5%8F%8E%E3%81%AE%E5%86%85%E8%A8%B3,7%25%E3%81%A8%E3%81%AA%E3%81%A3%E3%81%A6%E3%81%84%E3%81%BE%E3%81%99%E3%80%82",求人,採用,確定候補,32,https://www.openwork.jp/about,株式会社アステムソリューション様の採用情報を拝見し、採用の求人様にお力添えできる内容がありご連絡しました。
株式会社アステムソリューション,"https://www.openwork.jp/company_answer.php?m_id=a0910000000G0Z5&q_no=2#:~:text=%E3%82%A2%E3%82%B9%E3%83%86%E3%83%A0%E3%81%AE%E5%B9%B4%E5%8F%8E%E3%81%AE%E5%86%85%E8%A8%B3,7%25%E3%81%A8%E3%81%AA%E3%81%A3%E3%81%A6%E3%81%84%E3%81%BE%E3%81%99%E3%80%82",社員,採用,確定候補,32,https://www.openwork.jp/about,株式会社アステムソリューション様の採用情報を拝見し、採用の社員様にお力添えできる内容がありご連絡しました。
株式会社アステムソリューション,"https://www.openwork.jp/company_answer.php?m_id=a0910000000G0Z5&q_no=2#:~:text=%E3%82%A2%E3%82%B9%E3%83%86%E3%83%A0%E3%81%AE%E5%B9%B4%E5%8F%8E%E3%81%AE%E5%86%85%E8%A8%B3,7%25%E3%81%A8%E3%81%AA%E3%81%A3%E3%81%A6%E3%81%84%E3%81%BE%E3%81%99%E3%80%82",担当者,採用,確定候補,35,https://www.openwork.jp/company_list,株式会社アステムソリューション様の採用情報を拝見し、採用の担当者様にお力添えできる内容がありご連絡しました。
株式会社アステムソリューション,"https://www.openwork.jp/company_answer.php?m_id=a0910000000G0Z5&q_no=2#:~:text=%E3%82%A2%E3%82%B9%E3%83%86%E3%83%A0%E3%81%AE%E5%B9%B4%E5%8F%8E%E3%81%AE%E5%86%85%E8%A8%B3,7%25%E3%81%A8%E3%81%AA%E3%81%A3%E3%81%A6%E3%81%84%E3%81%BE%E3%81%99%E3%80%82",転職,採用,確定候補,32,https://www.openwork.jp/company_list,株式会社アステムソリューション様の採用情報を拝見し、採用の転職様にお力添えできる内容がありご連絡しました。
株式会社アステムソリューション,"https://www.openwork.jp/company_answer.php?m_id=a0910000000G0Z5&q_no=2#:~:text=%E3%82%A2%E3%82%B9%E3%83%86%E3%83%A0%E3%81%AE%E5%B9%B4%E5%8F%8E%E3%81%AE%E5%86%85%E8%A8%B3,7%25%E3%81%A8%E3%81%AA%E3%81%A3%E3%81%A6%E3%81%84%E3%81%BE%E3%81%99%E3%80%82",求人,採用,確定候補,32,https://www.openwork.jp/company_list,株式会社アステムソリューション様の採用情報を拝見し、採用の求人様にお力添えできる内容がありご連絡しました。
株式会社アステムソリューション,"https://www.openwork.jp/company_answer.php?m_id=a0910000000G0Z5&q_no=2#:~:text=%E3%82%A2%E3%82%B9%E3%83%86%E3%83%A0%E3%81%AE%E5%B9%B4%E5%8F%8E%E3%81%AE%E5%86%85%E8%A8%B3,7%25%E3%81%A8%E3%81%AA%E3%81%A3%E3%81%A6%E3%81%84%E3%81%BE%E3%81%99%E3%80%82",担当者,採用,確定候補,35,"https://www.openwork.jp/company_answer.php?m_id=a0910000000G0Z5&q_no=2#:~:text=%E3%82%A2%E3%82%B9%E3%83%86%E3%83%A0%E3%81%AE%E5%B9%B4%E5%8F%8E%E3%81%AE%E5%86%85%E8%A8%B3,7%25%E3%81%A8%E3%81%AA%E3%81%A3%E3%81%A6%E3%81%84%E3%81%BE%E3%81%99%E3%80%82",株式会社アステムソリューション様の採用情報を拝見し、採用の担当者様にお力添えできる内容がありご連絡しました。
株式会社アステムソリューション,"https://www.openwork.jp/company_answer.php?m_id=a0910000000G0Z5&q_no=2#:~:text=%E3%82%A2%E3%82%B9%E3%83%86%E3%83%A0%E3%81%AE%E5%B9%B4%E5%8F%8E%E3%81%AE%E5%86%85%E8%A8%B3,7%25%E3%81%A8%E3%81%AA%E3%81%A3%E3%81%A6%E3%81%84%E3%81%BE%E3%81%99%E3%80%82",社員,採用,確定候補,32,"https://www.openwork.jp/company_answer.php?m_id=a0910000000G0Z5&q_no=2#:~:text=%E3%82%A2%E3%82%B9%E3%83%86%E3%83%A0%E3%81%AE%E5%B9%B4%E5%8F%8E%E3%81%AE%E5%86%85%E8%A8%B3,7%25%E3%81%A8%E3%81%AA%E3%81%A3%E3%81%A6%E3%81%84%E3%81%BE%E3%81%99%E3%80%82",株式会社アステムソリューション様の採用情報を拝見し、採用の社員様にお力添えできる内容がありご連絡しました。
株式会社アステムソリューション,"https://www.openwork.jp/company_answer.php?m_id=a0910000000G0Z5&q_no=2#:~:text=%E3%82%A2%E3%82%B9%E3%83%86%E3%83%A0%E3%81%AE%E5%B9%B4%E5%8F%8E%E3%81%AE%E5%86%85%E8%A8%B3,7%25%E3%81%A8%E3%81%AA%E3%81%A3%E3%81%A6%E3%81%84%E3%81%BE%E3%81%99%E3%80%82",求人,採用,確定候補,32,"https://www.openwork.jp/company_answer.php?m_id=a0910000000G0Z5&q_no=2#:~:text=%E3%82%A2%E3%82%B9%E3%83%86%E3%83%A0%E3%81%AE%E5%B9%B4%E5%8F%8E%E3%81%AE%E5%86%85%E8%A8%B3,7%25%E3%81%A8%E3%81%AA%E3%81%A3%E3%81%A6%E3%81%84%E3%81%BE%E3%81%99%E3%80%82",株式会社アステムソリューション様の採用情報を拝見し、採用の求人様にお力添えできる内容がありご連絡しました。
株式会社平島,https://hirashima-roof.com/about/,会社概要 代表挨拶,採用,確定候補,32,https://hirashima-roof.com/news/,株式会社平島様の採用情報を拝見し、採用の会社概要 代表挨拶様にお力添えできる内容がありご連絡しました。
株式会社平島,https://hirashima-roof.com/about/,営業所,採用,確定候補,32,https://hirashima-roof.com/news/,株式会社平島様の採用情報を拝見し、採用の営業所様にお力添えできる内容がありご連絡しました。
株式会社平島,https://hirashima-roof.com/about/,事業所一覧,採用,確定候補,32,https://hirashima-roof.com/news/,株式会社平島様の採用情報を拝見し、採用の事業所一覧様にお力添えできる内容がありご連絡しました。
株式会社平島,https://hirashima-roof.com/about/,会社概要 代表挨拶,採用,確定候補,32,https://hirashima-roof.com/about/news,株式会社平島様の採用情報を拝見し、採用の会社概要 代表挨拶様にお力添えできる内容がありご連絡しました。
株式会社平島,https://hirashima-roof.com/about/,営業所,採用,確定候補,32,https://hirashima-roof.com/about/news,株式会社平島様の採用情報を拝見し、採用の営業所様にお力添えできる内容がありご連絡しました。
株式会社平島,https://hirashima-roof.com/about/,事業所一覧,採用,確定候補,32,https://hirashima-roof.com/about/news,株式会社平島様の採用情報を拝見し、採用の事業所一覧様にお力添えできる内容がありご連絡しました。
株式会社平島,https://hirashima-roof.com/about/,会社概要 代表挨拶,採用,確定候補,32,https://hirashima-roof.com/about/,株式会社平島様の採用情報を拝見し、採用の会社概要 代表挨拶様にお力添えできる内容がありご連絡しました。
株式会社平島,https://hirashima-roof.com/about/,営業所,採用,確定候補,32,https://hirashima-roof.com/about/,株式会社平島様の採用情報を拝見し、採用の営業所様にお力添えできる内容がありご連絡しました。
株式会社平島,https://hirashima-roof.com/about/,事業所一覧,採用,確定候補,32,https://hirashima-roof.com/about/,株式会社平島様の採用情報を拝見し、採用の事業所一覧様にお力添えできる内容がありご連絡しました。
株式会社平島,https://hirashima-roof.com/about/,会社概要 代表挨拶,採用,確定候補,32,https://hirashima-roof.com/about/about,株式会社平島様の採用情報を拝見し、採用の会社概要 代表挨拶様にお力添えできる内容がありご連絡しました。
株式会社平島,https://hirashima-roof.com/about/,営業所,採用,確定候補,32,https://hirashima-roof.com/about/about,株式会社平島様の採用情報を拝見し、採用の営業所様にお力添えできる内容がありご連絡しました。
株式会社平島,https://hirashima-roof.com/about/,事業所一覧,採用,確定候補,32,https://hirashima-roof.com/about/about,株式会社平島様の採用情報を拝見し、採用の事業所一覧様にお力添えできる内容がありご連絡しました。
株式会社平島,https://hirashima-roof.com/about/,組織 沿革,採用,確定候補,34,https://hirashima-roof.com/about/recruit,株式会社平島様の採用情報を拝見し、採用の組織 沿革様にお力添えできる内容がありご連絡しました。
株式会社平島,https://hirashima-roof.com/about/,営業所,採用,確定候補,34,https://hirashima-roof.com/about/recruit,株式会社平島様の採用情報を拝見し、採用の営業所様にお力添えできる内容がありご連絡しました。
株式会社平島,https://hirashima-roof.com/about/,事業所,採用,確定候補,34,https://hirashima-roof.com/about/recruit,株式会社平島様の採用情報を拝見し、採用の事業所様にお力添えできる内容がありご連絡しました。
株式会社平島,https://hirashima-roof.com/about/,組織 沿革,採用,確定候補,34,https://hirashima-roof.com/recruit/,株式会社平島様の採用情報を拝見し、採用の組織 沿革様にお力添えできる内容がありご連絡しました。
株式会社平島,https://hirashima-roof.com/about/,営業所,採用,確定候補,34,https://hirashima-roof.com/recruit/,株式会社平島様の採用情報を拝見し、採用の営業所様にお力添えできる内容がありご連絡しました。
株式会社平島,https://hirashima-roof.com/about/,事業所,採用,確定候補,34,https://hirashima-roof.com/recruit/,株式会社平島様の採用情報を拝見し、採用の事業所様にお力添えできる内容がありご連絡しました。
社会福祉法人清浄会,https://www.seikikai.net/houjin/,案内 特別養護,採用,確定候補,24,https://www.seikikai.net/houjin/,社会福祉法人清浄会様の採用情報を拝見し、採用の案内 特別養護様にお力添えできる内容がありご連絡しました。
社会福祉法人清浄会,https://www.seikikai.net/houjin/,老人,採用,確定候補,24,https://www.seikikai.net/houjin/,社会福祉法人清浄会様の採用情報を拝見し、採用の老人様にお力添えできる内容がありご連絡しました。
社会福祉法人清浄会,https://www.seikikai.net/houjin/,訪問介護 居宅介護,採用,確定候補,24,https://www.seikikai.net/houjin/,社会福祉法人清浄会様の採用情報を拝見し、採用の訪問介護 居宅介護様にお力添えできる内容がありご連絡しました。
社会福祉法人清浄会,https://www.seikikai.net/houjin/,法人清規会,採用,確定候補,34,https://www.seikikai.net/saiyou/,社会福祉法人清浄会様の採用情報を拝見し、採用の法人清規会様にお力添えできる内容がありご連絡しました。
社会福祉法人清浄会,https://www.seikikai.net/houjin/,老人,採用,確定候補,32,https://www.seikikai.net/saiyou/,社会福祉法人清浄会様の採用情報を拝見し、採用の老人様にお力添えできる内容がありご連絡しました。
社会福祉法人清浄会,https://www.seikikai.net/houjin/,介護,採用,確定候補,32,https://www.seikikai.net/saiyou/,社会福祉法人清浄会様の採用情報を拝見し、採用の介護様にお力添えできる内容がありご連絡しました。
麻生介護サービス株式会社,https://www.aso-kaigo.jp/company/,社会貢献,採用,確定候補,32,https://www.aso-kaigo.jp/company/officer,麻生介護サービス株式会社様の採用情報を拝見し、採用の社会貢献様にお力添えできる内容がありご連絡しました。
麻生介護サービス株式会社,https://www.aso-kaigo.jp/company/,目指,採用,確定候補,32,https://www.aso-kaigo.jp/company/officer,麻生介護サービス株式会社様の採用情報を拝見し、採用の目指様にお力添えできる内容がありご連絡しました。
麻生介護サービス株式会社,https://www.aso-kaigo.jp/company/,当社,採用,確定候補,32,https://www.aso-kaigo.jp/company/officer,麻生介護サービス株式会社様の採用情報を拝見し、採用の当社様にお力添えできる内容がありご連絡しました。
麻生介護サービス株式会社,https://www.aso-kaigo.jp/company/,社会貢献,採用,確定候補,32,https://www.aso-kaigo.jp/company/executive,麻生介護サービス株式会社様の採用情報を拝見し、採用の社会貢献様にお力添えできる内容がありご連絡しました。
麻生介護サービス株式会社,https://www.aso-kaigo.jp/company/,目指,採用,確定候補,32,https://www.aso-kaigo.jp/company/executive,麻生介護サービス株式会社様の採用情報を拝見し、採用の目指様にお力添えできる内容がありご連絡しました。
麻生介護サービス株式会社,https://www.aso-kaigo.jp/company/,当社,採用,確定候補,32,https://www.aso-kaigo.jp/company/executive,麻生介護サービス株式会社様の採用情報を拝見し、採用の当社様にお力添えできる内容がありご連絡しました。
麻生介護サービス株式会社,https://www.aso-kaigo.jp/company/,社会貢献,採用,確定候補,32,https://www.aso-kaigo.jp/company/orgchart,麻生介護サービス株式会社様の採用情報を拝見し、採用の社会貢献様にお力添えできる内容がありご連絡しました。
麻生介護サービス株式会社,https://www.aso-kaigo.jp/company/,目指,採用,確定候補,32,https://www.aso-kaigo.jp/company/orgchart,麻生介護サービス株式会社様の採用情報を拝見し、採用の目指様にお力添えできる内容がありご連絡しました。
麻生介護サービス株式会社,https://www.aso-kaigo.jp/company/,当社,採用,確定候補,32,https://www.aso-kaigo.jp/company/orgchart,麻生介護サービス株式会社様の採用情報を拝見し、採用の当社様にお力添えできる内容がありご連絡しました。
麻生介護サービス株式会社,https://www.aso-kaigo.jp/company/,社会貢献,採用,確定候補,32,https://www.aso-kaigo.jp/company/organization,麻生介護サービス株式会社様の採用情報を拝見し、採用の社会貢献様にお力添えできる内容がありご連絡しました。
麻生介護サービス株式会社,https://www.aso-kaigo.jp/company/,目指,採用,確定候補,32,https://www.aso-kaigo.jp/company/organization,麻生介護サービス株式会社様の採用情報を拝見し、採用の目指様にお力添えできる内容がありご連絡しました。
麻生介護サービス株式会社,https://www.aso-kaigo.jp/company/,当社,採用,確定候補,32,https://www.aso-kaigo.jp/company/organization,麻生介護サービス株式会社様の採用情報を拝見し、採用の当社様にお力添えできる内容がありご連絡しました。
麻生介護サービス株式会社,https://www.aso-kaigo.jp/company/,社会貢献,採用,確定候補,32,https://www.aso-kaigo.jp/company/press,麻生介護サービス株式会社様の採用情報を拝見し、採用の社会貢献様にお力添えできる内容がありご連絡しました。
麻生介護サービス株式会社,https://www.aso-kaigo.jp/company/,目指,採用,確定候補,32,https://www.aso-kaigo.jp/company/press,麻生介護サービス株式会社様の採用情報を拝見し、採用の目指様にお力添えできる内容がありご連絡しました。
麻生介護サービス株式会社,https://www.aso-kaigo.jp/company/,当社,採用,確定候補,32,https://www.aso-kaigo.jp/company/press,麻生介護サービス株式会社様の採用情報を拝見し、採用の当社様にお力添えできる内容がありご連絡しました。
麻生介護サービス株式会社,https://www.aso-kaigo.jp/company/,社会貢献,採用,確定候補,32,https://www.aso-kaigo.jp/company/news,麻生介護サービス株式会社様の採用情報を拝見し、採用の社会貢献様にお力添えできる内容がありご連絡しました。
麻生介護サービス株式会社,https://www.aso-kaigo.jp/company/,目指,採用,確定候補,32,https://www.aso-kaigo.jp/company/news,麻生介護サービス株式会社様の採用情報を拝見し、採用の目指様にお力添えできる内容がありご連絡しました。
麻生介護サービス株式会社,https://www.aso-kaigo.jp/company/,当社,採用,確定候補,32,https://www.aso-kaigo.jp/company/news,麻生介護サービス株式会社様の採用情報を拝見し、採用の当社様にお力添えできる内容がありご連絡しました。
麻生介護サービス株式会社,https://www.aso-kaigo.jp/company/,社会貢献,採用,確定候補,32,https://www.aso-kaigo.jp/company/about,麻生介護サービス株式会社様の採用情報を拝見し、採用の社会貢献様にお力添えできる内容がありご連絡しました。
麻生介護サービス株式会社,https://www.aso-kaigo.jp/company/,目指,採用,確定候補,32,https://www.aso-kaigo.jp/company/about,麻生介護サービス株式会社様の採用情報を拝見し、採用の目指様にお力添えできる内容がありご連絡しました。
麻生介護サービス株式会社,https://www.aso-kaigo.jp/company/,当社,採用,確定候補,32,https://www.aso-kaigo.jp/company/about,麻生介護サービス株式会社様の採用情報を拝見し、採用の当社様にお力添えできる内容がありご連絡しました。
麻生介護サービス株式会社,https://www.aso-kaigo.jp/company/,社会貢献,採用,確定候補,32,https://www.aso-kaigo.jp/company/recruit,麻生介護サービス株式会社様の採用情報を拝見し、採用の社会貢献様にお力添えできる内容がありご連絡しました。
麻生介護サービス株式会社,https://www.aso-kaigo.jp/company/,目指,採用,確定候補,32,https://www.aso-kaigo.jp/company/recruit,麻生介護サービス株式会社様の採用情報を拝見し、採用の目指様にお力添えできる内容がありご連絡しました。
麻生介護サービス株式会社,https://www.aso-kaigo.jp/company/,当社,採用,確定候補,32,https://www.aso-kaigo.jp/company/recruit,麻生介護サービス株式会社様の採用情報を拝見し、採用の当社様にお力添えできる内容がありご連絡しました。
麻生介護サービス株式会社,https://www.aso-kaigo.jp/company/,社会貢献,採用,確定候補,32,https://www.aso-kaigo.jp/company/company,麻生介護サービス株式会社様の採用情報を拝見し、採用の社会貢献様にお力添えできる内容がありご連絡しました。
麻生介護サービス株式会社,https://www.aso-kaigo.jp/company/,目指,採用,確定候補,32,https://www.aso-kaigo.jp/company/company,麻生介護サービス株式会社様の採用情報を拝見し、採用の目指様にお力添えできる内容がありご連絡しました。
麻生介護サービス株式会社,https://www.aso-kaigo.jp/company/,当社,採用,確定候補,32,https://www.aso-kaigo.jp/company/company,麻生介護サービス株式会社様の採用情報を拝見し、採用の当社様にお力添えできる内容がありご連絡しました。
黒崎播磨株式会社,https://www.krosaki.co.jp/company,職種紹介 研修,採用,確定候補,24,https://www.krosaki.co.jp/news,黒崎播磨株式会社様の採用情報を拝見し、採用の職種紹介 研修様にお力添えできる内容がありご連絡しました。
黒崎播磨株式会社,https://www.krosaki.co.jp/company,住宅,採用,確定候補,24,https://www.krosaki.co.jp/news,黒崎播磨株式会社様の採用情報を拝見し、採用の住宅様にお力添えできる内容がありご連絡しました。
黒崎播磨株式会社,https://www.krosaki.co.jp/company,生活 社員,採用,確定候補,24,https://www.krosaki.co.jp/news,黒崎播磨株式会社様の採用情報を拝見し、採用の生活 社員様にお力添えできる内容がありご連絡しました。
黒崎播磨株式会社,https://www.krosaki.co.jp/company,職種紹介 研修,採用,確定候補,24,https://www.krosaki.co.jp/company,黒崎播磨株式会社様の採用情報を拝見し、採用の職種紹介 研修様にお力添えできる内容がありご連絡しました。
黒崎播磨株式会社,https://www.krosaki.co.jp/company,住宅,採用,確定候補,24,https://www.krosaki.co.jp/company,黒崎播磨株式会社様の採用情報を拝見し、採用の住宅様にお力添えできる内容がありご連絡しました。
黒崎播磨株式会社,https://www.krosaki.co.jp/company,生活 社員,採用,確定候補,24,https://www.krosaki.co.jp/company,黒崎播磨株式会社様の採用情報を拝見し、採用の生活 社員様にお力添えできる内容がありご連絡しました。
黒崎播磨株式会社,https://www.krosaki.co.jp/company,黒崎播磨,採用,確定候補,32,https://www.krosaki.co.jp/recruit,黒崎播磨株式会社様の採用情報を拝見し、採用の黒崎播磨様にお力添えできる内容がありご連絡しました。
黒崎播磨株式会社,https://www.krosaki.co.jp/company,職種紹介 研修,採用,確定候補,24,https://www.krosaki.co.jp/recruit,黒崎播磨株式会社様の採用情報を拝見し、採用の職種紹介 研修様にお力添えできる内容がありご連絡しました。
黒崎播磨株式会社,https://www.krosaki.co.jp/company,住宅,採用,確定候補,24,https://www.krosaki.co.jp/recruit,黒崎播磨株式会社様の採用情報を拝見し、採用の住宅様にお力添えできる内容がありご連絡しました。
黒崎播磨株式会社,https://www.krosaki.co.jp/company,職種紹介 研修,採用,確定候補,24,https://www.krosaki.co.jp/career-plan,黒崎播磨株式会社様の採用情報を拝見し、採用の職種紹介 研修様にお力添えできる内容がありご連絡しました。
黒崎播磨株式会社,https://www.krosaki.co.jp/company,住宅,採用,確定候補,24,https://www.krosaki.co.jp/career-plan,黒崎播磨株式会社様の採用情報を拝見し、採用の住宅様にお力添えできる内容がありご連絡しました。
黒崎播磨株式会社,https://www.krosaki.co.jp/company,生活 社員,採用,確定候補,24,https://www.krosaki.co.jp/career-plan,黒崎播磨株式会社様の採用情報を拝見し、採用の生活 社員様にお力添えできる内容がありご連絡しました。
黒崎播磨株式会社,https://www.krosaki.co.jp/company,執行役員 常務執行,総務,確定候補,42,https://www.krosaki.co.jp/history,黒崎播磨株式会社様の採用情報を拝見し、総務の執行役員 常務執行様にお力添えできる内容がありご連絡しました。
黒崎播磨株式会社,https://www.krosaki.co.jp/company,役員 吉田,総務,確定候補,42,https://www.krosaki.co.jp/history,黒崎播磨株式会社様の採用情報を拝見し、総務の役員 吉田様にお力添えできる内容がありご連絡しました。
黒崎播磨株式会社,https://www.krosaki.co.jp/company,推進担当,総務,確定候補,42,https://www.krosaki.co.jp/history,黒崎播磨株式会社様の採用情報を拝見し、総務の推進担当様にお力添えできる内容がありご連絡しました。
日鉄物流株式会社,https://www.log.nipponsteel.com/about_us/office/,標準貨物自動車運,採用,確定候補,34,https://www.log.nipponsteel.com/about_us/executive/,日鉄物流株式会社様の採用情報を拝見し、採用の標準貨物自動車運様にお力添えできる内容がありご連絡しました。
日鉄物流株式会社,https://www.log.nipponsteel.com/about_us/office/,送約款 倉庫寄託,採用,確定候補,34,https://www.log.nipponsteel.com/about_us/executive/,日鉄物流株式会社様の採用情報を拝見し、採用の送約款 倉庫寄託様にお力添えできる内容がありご連絡しました。
日鉄物流株式会社,https://www.log.nipponsteel.com/about_us/office/,約款 第二種貨,採用,確定候補,34,https://www.log.nipponsteel.com/about_us/executive/,日鉄物流株式会社様の採用情報を拝見し、採用の約款 第二種貨様にお力添えできる内容がありご連絡しました。
日鉄物流株式会社,https://www.log.nipponsteel.com/about_us/office/,標準貨物自動車運,採用,確定候補,34,https://www.log.nipponsteel.com/news/,日鉄物流株式会社様の採用情報を拝見し、採用の標準貨物自動車運様にお力添えできる内容がありご連絡しました。
日鉄物流株式会社,https://www.log.nipponsteel.com/about_us/office/,送約款 倉庫寄託,採用,確定候補,34,https://www.log.nipponsteel.com/news/,日鉄物流株式会社様の採用情報を拝見し、採用の送約款 倉庫寄託様にお力添えできる内容がありご連絡しました。
日鉄物流株式会社,https://www.log.nipponsteel.com/about_us/office/,約款 第二種貨,採用,確定候補,34,https://www.log.nipponsteel.com/news/,日鉄物流株式会社様の採用情報を拝見し、採用の約款 第二種貨様にお力添えできる内容がありご連絡しました。
日鉄物流株式会社,https://www.log.nipponsteel.com/about_us/office/,標準貨物自動車運,採用,確定候補,34,https://www.log.nipponsteel.com/about_us/,日鉄物流株式会社様の採用情報を拝見し、採用の標準貨物自動車運様にお力添えできる内容がありご連絡しました。
日鉄物流株式会社,https://www.log.nipponsteel.com/about_us/office/,送約款 倉庫寄託,採用,確定候補,34,https://www.log.nipponsteel.com/about_us/,日鉄物流株式会社様の採用情報を拝見し、採用の送約款 倉庫寄託様にお力添えできる内容がありご連絡しました。
日鉄物流株式会社,https://www.log.nipponsteel.com/about_us/office/,約款 第二種貨,採用,確定候補,34,https://www.log.nipponsteel.com/about_us/,日鉄物流株式会社様の採用情報を拝見し、採用の約款 第二種貨様にお力添えできる内容がありご連絡しました。
日鉄物流株式会社,https://www.log.nipponsteel.com/about_us/office/,標準貨物自動車運,採用,確定候補,34,https://www.log.nipponsteel.com/about_us/link/,日鉄物流株式会社様の採用情報を拝見し、採用の標準貨物自動車運様にお力添えできる内容がありご連絡しました。
日鉄物流株式会社,https://www.log.nipponsteel.com/about_us/office/,送約款 倉庫寄託,採用,確定候補,34,https://www.log.nipponsteel.com/about_us/link/,日鉄物流株式会社様の採用情報を拝見し、採用の送約款 倉庫寄託様にお力添えできる内容がありご連絡しました。
日鉄物流株式会社,https://www.log.nipponsteel.com/about_us/office/,約款 第二種貨,採用,確定候補,34,https://www.log.nipponsteel.com/about_us/link/,日鉄物流株式会社様の採用情報を拝見し、採用の約款 第二種貨様にお力添えできる内容がありご連絡しました。
日鉄物流株式会社,https://www.log.nipponsteel.com/about_us/office/,標準貨物自動車運,採用,確定候補,34,https://www.log.nipponsteel.com/about_us/group/,日鉄物流株式会社様の採用情報を拝見し、採用の標準貨物自動車運様にお力添えできる内容がありご連絡しました。
日鉄物流株式会社,https://www.log.nipponsteel.com/about_us/office/,送約款 倉庫寄託,採用,確定候補,34,https://www.log.nipponsteel.com/about_us/group/,日鉄物流株式会社様の採用情報を拝見し、採用の送約款 倉庫寄託様にお力添えできる内容がありご連絡しました。
日鉄物流株式会社,https://www.log.nipponsteel.com/about_us/office/,約款 第二種貨,採用,確定候補,34,https://www.log.nipponsteel.com/about_us/group/,日鉄物流株式会社様の採用情報を拝見し、採用の約款 第二種貨様にお力添えできる内容がありご連絡しました。
日鉄物流株式会社,https://www.log.nipponsteel.com/about_us/office/,標準貨物自動車運,採用,確定候補,34,https://www.log.nipponsteel.com/about_us/policy/,日鉄物流株式会社様の採用情報を拝見し、採用の標準貨物自動車運様にお力添えできる内容がありご連絡しました。
日鉄物流株式会社,https://www.log.nipponsteel.com/about_us/office/,送約款 倉庫寄託,採用,確定候補,34,https://www.log.nipponsteel.com/about_us/policy/,日鉄物流株式会社様の採用情報を拝見し、採用の送約款 倉庫寄託様にお力添えできる内容がありご連絡しました。
日鉄物流株式会社,https://www.log.nipponsteel.com/about_us/office/,約款 第二種貨,採用,確定候補,34,https://www.log.nipponsteel.com/about_us/policy/,日鉄物流株式会社様の採用情報を拝見し、採用の約款 第二種貨様にお力添えできる内容がありご連絡しました。
株式会社ネットワークソリューション,https://www.nw-solution.co.jp/company/,特色,採用,確定候補,34,https://www.nw-solution.co.jp/news/,株式会社ネットワークソリューション様の採用情報を拝見し、採用の特色様にお力添えできる内容がありご連絡しました。
株式会社ネットワークソリューション,https://www.nw-solution.co.jp/company/,代表挨拶,採用,確定候補,32,https://www.nw-solution.co.jp/news/,株式会社ネットワークソリューション様の採用情報を拝見し、採用の代表挨拶様にお力添えできる内容がありご連絡しました。
株式会社ネットワークソリューション,https://www.nw-solution.co.jp/company/,特色,採用,確定候補,34,https://www.nw-solution.co.jp/company/,株式会社ネットワークソリューション様の採用情報を拝見し、採用の特色様にお力添えできる内容がありご連絡しました。
株式会社ネットワークソリューション,https://www.nw-solution.co.jp/company/,会社概要 商号,採用,確定候補,34,https://www.nw-solution.co.jp/company/,株式会社ネットワークソリューション様の採用情報を拝見し、採用の会社概要 商号様にお力添えできる内容がありご連絡しました。
株式会社ネットワークソリューション,https://www.nw-solution.co.jp/company/,代表挨拶,採用,確定候補,32,https://www.nw-solution.co.jp/company/,株式会社ネットワークソリューション様の採用情報を拝見し、採用の代表挨拶様にお力添えできる内容がありご連絡しました。
株式会社ネットワークソリューション,https://www.nw-solution.co.jp/company/,特色,採用,確定候補,34,https://www.nw-solution.co.jp/company/company,株式会社ネットワークソリューション様の採用情報を拝見し、採用の特色様にお力添えできる内容がありご連絡しました。
株式会社ネットワークソリューション,https://www.nw-solution.co.jp/company/,会社概要 商号,採用,確定候補,34,https://www.nw-solution.co.jp/company/company,株式会社ネットワークソリューション様の採用情報を拝見し、採用の会社概要 商号様にお力添えできる内容がありご連絡しました。
株式会社ネットワークソリューション,https://www.nw-solution.co.jp/company/,代表挨拶,採用,確定候補,32,https://www.nw-solution.co.jp/company/company,株式会社ネットワークソリューション様の採用情報を拝見し、採用の代表挨拶様にお力添えできる内容がありご連絡しました。
株式会社ネットワークソリューション,https://www.nw-solution.co.jp/company/,社員,採用,確定候補,34,https://www.nw-solution.co.jp/company/recruit,株式会社ネットワークソリューション様の採用情報を拝見し、採用の社員様にお力添えできる内容がありご連絡しました。
株式会社ネットワークソリューション,https://www.nw-solution.co.jp/company/,募集要項 福利厚生,採用,確定候補,34,https://www.nw-solution.co.jp/company/recruit,株式会社ネットワークソリューション様の採用情報を拝見し、採用の募集要項 福利厚生様にお力添えできる内容がありご連絡しました。
株式会社ネットワークソリューション,https://www.nw-solution.co.jp/company/,福利厚生,採用,確定候補,34,https://www.nw-solution.co.jp/company/recruit,株式会社ネットワークソリューション様の採用情報を拝見し、採用の福利厚生様にお力添えできる内容がありご連絡しました。
株式会社ネットワークソリューション,https://www.nw-solution.co.jp/company/,社員,採用,確定候補,34,https://www.nw-solution.co.jp/recruit/,株式会社ネットワークソリューション様の採用情報を拝見し、採用の社員様にお力添えできる内容がありご連絡しました。
株式会社ネットワークソリューション,https://www.nw-solution.co.jp/company/,募集要項 福利厚生,採用,確定候補,34,https://www.nw-solution.co.jp/recruit/,株式会社ネットワークソリューション様の採用情報を拝見し、採用の募集要項 福利厚生様にお力添えできる内容がありご連絡しました。
株式会社ネットワークソリューション,https://www.nw-solution.co.jp/company/,福利厚生,採用,確定候補,34,https://www.nw-solution.co.jp/recruit/,株式会社ネットワークソリューション様の採用情報を拝見し、採用の福利厚生様にお力添えできる内容がありご連絡しました。
株式会社パロマ,"https://www.pcc-paloma.jp/contact/#:~:text=%E3%81%8A%E9%9B%BB%E8%A9%B1%E3%81%84%E3%81%9F%E3%81%A0%E3%81%8F%E5%89%8D%E3%81%AE%E6%B3%A8%E6%84%8F%E4%BA%8B%E9%A0%85&text=%E4%BF%AE%E7%90%86%E3%81%A7%E3%81%8A%E6%80%A5%E3%81%8E%E3%81%AE,%E3%81%BE%E3%81%99%E3%82%88%E3%81%86%E3%81%8A%E9%A1%98%E3%81%84%E7%94%B3%E3%81%97%E4%B8%8A%E3%81%92%E3%81%BE%E3%81%99%E3%80%82&text=%E5%8F%97%E4%BB%98%E5%AE%8C%E4%BA%86%E5%BE%8C%E3%80%81%E3%82%B5%E3%83%BC%E3%83%93%E3%82%B9%E6%8B%85%E5%BD%93,%E3%81%AE%E3%81%BB%E3%81%A9%E3%81%8A%E9%A1%98%E3%81%84%E7%94%B3%E3%81%97%E4%B8%8A%E3%81%92%E3%81%BE%E3%81%99%E3%80%82",社名変更 事業所一,採用,確定候補,24,https://www.pcc-paloma.jp/corporate/,株式会社パロマ様の採用情報を拝見し、採用の社名変更 事業所一様にお力添えできる内容がありご連絡しました。
株式会社パロマ,"https://www.pcc-paloma.jp/contact/#:~:text=%E3%81%8A%E9%9B%BB%E8%A9%B1%E3%81%84%E3%81%9F%E3%81%A0%E3%81%8F%E5%89%8D%E3%81%AE%E6%B3%A8%E6%84%8F%E4%BA%8B%E9%A0%85&text=%E4%BF%AE%E7%90%86%E3%81%A7%E3%81%8A%E6%80%A5%E3%81%8E%E3%81%AE,%E3%81%BE%E3%81%99%E3%82%88%E3%81%86%E3%81%8A%E9%A1%98%E3%81%84%E7%94%B3%E3%81%97%E4%B8%8A%E3%81%92%E3%81%BE%E3%81%99%E3%80%82&text=%E5%8F%97%E4%BB%98%E5%AE%8C%E4%BA%86%E5%BE%8C%E3%80%81%E3%82%B5%E3%83%BC%E3%83%93%E3%82%B9%E6%8B%85%E5%BD%93,%E3%81%AE%E3%81%BB%E3%81%A9%E3%81%8A%E9%A1%98%E3%81%84%E7%94%B3%E3%81%97%E4%B8%8A%E3%81%92%E3%81%BE%E3%81%99%E3%80%82",取替,採用,確定候補,24,https://www.pcc-paloma.jp/corporate/,株式会社パロマ様の採用情報を拝見し、採用の取替様にお力添えできる内容がありご連絡しました。
株式会社パロマ,"https://www.pcc-paloma.jp/contact/#:~:text=%E3%81%8A%E9%9B%BB%E8%A9%B1%E3%81%84%E3%81%9F%E3%81%A0%E3%81%8F%E5%89%8D%E3%81%AE%E6%B3%A8%E6%84%8F%E4%BA%8B%E9%A0%85&text=%E4%BF%AE%E7%90%86%E3%81%A7%E3%81%8A%E6%80%A5%E3%81%8E%E3%81%AE,%E3%81%BE%E3%81%99%E3%82%88%E3%81%86%E3%81%8A%E9%A1%98%E3%81%84%E7%94%B3%E3%81%97%E4%B8%8A%E3%81%92%E3%81%BE%E3%81%99%E3%80%82&text=%E5%8F%97%E4%BB%98%E5%AE%8C%E4%BA%86%E5%BE%8C%E3%80%81%E3%82%B5%E3%83%BC%E3%83%93%E3%82%B9%E6%8B%85%E5%BD%93,%E3%81%AE%E3%81%BB%E3%81%A9%E3%81%8A%E9%A1%98%E3%81%84%E7%94%B3%E3%81%97%E4%B8%8A%E3%81%92%E3%81%BE%E3%81%99%E3%80%82",詳細,採用,確定候補,24,https://www.pcc-paloma.jp/corporate/,株式会社パロマ様の採用情報を拝見し、採用の詳細様にお力添えできる内容がありご連絡しました。
九州小島株式会社,"https://en-hyouban.com/company/10096519895/salary/#:~:text=%E4%B9%9D%E5%B7%9E%E5%B0%8F%E5%B3%B6%E6%A0%AA%E5%BC%8F%E4%BC%9A%E7%A4%BE%E3%81%AE%E8%A9%95%E5%88%A4%E3%83%BB%E5%8F%A3%E3%82%B3%E3%83%9F%20%E5%B9%B4%E5%8F%8E%E3%83%BB%E7%B5%A6%E4%B8%8E&text=%E7%B5%A6%E4%B8%8E%E5%88%B6%E5%BA%A6%3A,%E3%81%8A%E8%82%89%E3%81%8C%E8%B2%B0%E3%81%88%E3%81%BE%E3%81%99%E3%80%82",営業,広報,確定候補,32,https://en-hyouban.com/company/10000893891/,九州小島株式会社様の採用情報を拝見し、広報の営業様にお力添えできる内容がありご連絡しました。
九州小島株式会社,"https://en-hyouban.com/company/10096519895/salary/#:~:text=%E4%B9%9D%E5%B7%9E%E5%B0%8F%E5%B3%B6%E6%A0%AA%E5%BC%8F%E4%BC%9A%E7%A4%BE%E3%81%AE%E8%A9%95%E5%88%A4%E3%83%BB%E5%8F%A3%E3%82%B3%E3%83%9F%20%E5%B9%B4%E5%8F%8E%E3%83%BB%E7%B5%A6%E4%B8%8E&text=%E7%B5%A6%E4%B8%8E%E5%88%B6%E5%BA%A6%3A,%E3%81%8A%E8%82%89%E3%81%8C%E8%B2%B0%E3%81%88%E3%81%BE%E3%81%99%E3%80%82",営業企画 他,広報,確定候補,32,https://en-hyouban.com/company/10000893891/,九州小島株式会社様の採用情報を拝見し、広報の営業企画 他様にお力添えできる内容がありご連絡しました。
九州小島株式会社,"https://en-hyouban.com/company/10096519895/salary/#:~:text=%E4%B9%9D%E5%B7%9E%E5%B0%8F%E5%B3%B6%E6%A0%AA%E5%BC%8F%E4%BC%9A%E7%A4%BE%E3%81%AE%E8%A9%95%E5%88%A4%E3%83%BB%E5%8F%A3%E3%82%B3%E3%83%9F%20%E5%B9%B4%E5%8F%8E%E3%83%BB%E7%B5%A6%E4%B8%8E&text=%E7%B5%A6%E4%B8%8E%E5%88%B6%E5%BA%A6%3A,%E3%81%8A%E8%82%89%E3%81%8C%E8%B2%B0%E3%81%88%E3%81%BE%E3%81%99%E3%80%82",企画,広報,確定候補,32,https://en-hyouban.com/company/10000893891/,九州小島株式会社様の採用情報を拝見し、広報の企画様にお力添えできる内容がありご連絡しました。
九州小島株式会社,"https://en-hyouban.com/company/10096519895/salary/#:~:text=%E4%B9%9D%E5%B7%9E%E5%B0%8F%E5%B3%B6%E6%A0%AA%E5%BC%8F%E4%BC%9A%E7%A4%BE%E3%81%AE%E8%A9%95%E5%88%A4%E3%83%BB%E5%8F%A3%E3%82%B3%E3%83%9F%20%E5%B9%B4%E5%8F%8E%E3%83%BB%E7%B5%A6%E4%B8%8E&text=%E7%B5%A6%E4%B8%8E%E5%88%B6%E5%BA%A6%3A,%E3%81%8A%E8%82%89%E3%81%8C%E8%B2%B0%E3%81%88%E3%81%BE%E3%81%99%E3%80%82",営業,広報,確定候補,32,https://en-hyouban.com/company/00002690078/,九州小島株式会社様の採用情報を拝見し、広報の営業様にお力添えできる内容がありご連絡しました。
九州小島株式会社,"https://en-hyouban.com/company/10096519895/salary/#:~:text=%E4%B9%9D%E5%B7%9E%E5%B0%8F%E5%B3%B6%E6%A0%AA%E5%BC%8F%E4%BC%9A%E7%A4%BE%E3%81%AE%E8%A9%95%E5%88%A4%E3%83%BB%E5%8F%A3%E3%82%B3%E3%83%9F%20%E5%B9%B4%E5%8F%8E%E3%83%BB%E7%B5%A6%E4%B8%8E&text=%E7%B5%A6%E4%B8%8E%E5%88%B6%E5%BA%A6%3A,%E3%81%8A%E8%82%89%E3%81%8C%E8%B2%B0%E3%81%88%E3%81%BE%E3%81%99%E3%80%82",営業企画 他,広報,確定候補,32,https://en-hyouban.com/company/00002690078/,九州小島株式会社様の採用情報を拝見し、広報の営業企画 他様にお力添えできる内容がありご連絡しました。
九州小島株式会社,"https://en-hyouban.com/company/10096519895/salary/#:~:text=%E4%B9%9D%E5%B7%9E%E5%B0%8F%E5%B3%B6%E6%A0%AA%E5%BC%8F%E4%BC%9A%E7%A4%BE%E3%81%AE%E8%A9%95%E5%88%A4%E3%83%BB%E5%8F%A3%E3%82%B3%E3%83%9F%20%E5%B9%B4%E5%8F%8E%E3%83%BB%E7%B5%A6%E4%B8%8E&text=%E7%B5%A6%E4%B8%8E%E5%88%B6%E5%BA%A6%3A,%E3%81%8A%E8%82%89%E3%81%8C%E8%B2%B0%E3%81%88%E3%81%BE%E3%81%99%E3%80%82",企画,広報,確定候補,32,https://en-hyouban.com/company/00002690078/,九州小島株式会社様の採用情報を拝見し、広報の企画様にお力添えできる内容がありご連絡しました。
九州小島株式会社,"https://en-hyouban.com/company/10096519895/salary/#:~:text=%E4%B9%9D%E5%B7%9E%E5%B0%8F%E5%B3%B6%E6%A0%AA%E5%BC%8F%E4%BC%9A%E7%A4%BE%E3%81%AE%E8%A9%95%E5%88%A4%E3%83%BB%E5%8F%A3%E3%82%B3%E3%83%9F%20%E5%B9%B4%E5%8F%8E%E3%83%BB%E7%B5%A6%E4%B8%8E&text=%E7%B5%A6%E4%B8%8E%E5%88%B6%E5%BA%A6%3A,%E3%81%8A%E8%82%89%E3%81%8C%E8%B2%B0%E3%81%88%E3%81%BE%E3%81%99%E3%80%82",丁目,広報,確定候補,32,https://en-hyouban.com/company/10096519895/20/,九州小島株式会社様の採用情報を拝見し、広報の丁目様にお力添えできる内容がありご連絡しました。
九州小島株式会社,"https://en-hyouban.com/company/10096519895/salary/#:~:text=%E4%B9%9D%E5%B7%9E%E5%B0%8F%E5%B3%B6%E6%A0%AA%E5%BC%8F%E4%BC%9A%E7%A4%BE%E3%81%AE%E8%A9%95%E5%88%A4%E3%83%BB%E5%8F%A3%E3%82%B3%E3%83%9F%20%E5%B9%B4%E5%8F%8E%E3%83%BB%E7%B5%A6%E4%B8%8E&text=%E7%B5%A6%E4%B8%8E%E5%88%B6%E5%BA%A6%3A,%E3%81%8A%E8%82%89%E3%81%8C%E8%B2%B0%E3%81%88%E3%81%BE%E3%81%99%E3%80%82",自動車,広報,確定候補,32,https://en-hyouban.com/company/10096519895/20/,九州小島株式会社様の採用情報を拝見し、広報の自動車様にお力添えできる内容がありご連絡しました。
九州小島株式会社,"https://en-hyouban.com/company/10096519895/salary/#:~:text=%E4%B9%9D%E5%B7%9E%E5%B0%8F%E5%B3%B6%E6%A0%AA%E5%BC%8F%E4%BC%9A%E7%A4%BE%E3%81%AE%E8%A9%95%E5%88%A4%E3%83%BB%E5%8F%A3%E3%82%B3%E3%83%9F%20%E5%B9%B4%E5%8F%8E%E3%83%BB%E7%B5%A6%E4%B8%8E&text=%E7%B5%A6%E4%B8%8E%E5%88%B6%E5%BA%A6%3A,%E3%81%8A%E8%82%89%E3%81%8C%E8%B2%B0%E3%81%88%E3%81%BE%E3%81%99%E3%80%82",自動車部品,広報,確定候補,32,https://en-hyouban.com/company/10096519895/20/,九州小島株式会社様の採用情報を拝見し、広報の自動車部品様にお力添えできる内容がありご連絡しました。
九州小島株式会社,"https://en-hyouban.com/company/10096519895/salary/#:~:text=%E4%B9%9D%E5%B7%9E%E5%B0%8F%E5%B3%B6%E6%A0%AA%E5%BC%8F%E4%BC%9A%E7%A4%BE%E3%81%AE%E8%A9%95%E5%88%A4%E3%83%BB%E5%8F%A3%E3%82%B3%E3%83%9F%20%E5%B9%B4%E5%8F%8E%E3%83%BB%E7%B5%A6%E4%B8%8E&text=%E7%B5%A6%E4%B8%8E%E5%88%B6%E5%BA%A6%3A,%E3%81%8A%E8%82%89%E3%81%8C%E8%B2%B0%E3%81%88%E3%81%BE%E3%81%99%E3%80%82",番地,広報,確定候補,32,https://en-hyouban.com/company/10096519895/18/,九州小島株式会社様の採用情報を拝見し、広報の番地様にお力添えできる内容がありご連絡しました。
九州小島株式会社,"https://en-hyouban.com/company/10096519895/salary/#:~:text=%E4%B9%9D%E5%B7%9E%E5%B0%8F%E5%B3%B6%E6%A0%AA%E5%BC%8F%E4%BC%9A%E7%A4%BE%E3%81%AE%E8%A9%95%E5%88%A4%E3%83%BB%E5%8F%A3%E3%82%B3%E3%83%9F%20%E5%B9%B4%E5%8F%8E%E3%83%BB%E7%B5%A6%E4%B8%8E&text=%E7%B5%A6%E4%B8%8E%E5%88%B6%E5%BA%A6%3A,%E3%81%8A%E8%82%89%E3%81%8C%E8%B2%B0%E3%81%88%E3%81%BE%E3%81%99%E3%80%82",自動車,広報,確定候補,32,https://en-hyouban.com/company/10096519895/18/,九州小島株式会社様の採用情報を拝見し、広報の自動車様にお力添えできる内容がありご連絡しました。
九州小島株式会社,"https://en-hyouban.com/company/10096519895/salary/#:~:text=%E4%B9%9D%E5%B7%9E%E5%B0%8F%E5%B3%B6%E6%A0%AA%E5%BC%8F%E4%BC%9A%E7%A4%BE%E3%81%AE%E8%A9%95%E5%88%A4%E3%83%BB%E5%8F%A3%E3%82%B3%E3%83%9F%20%E5%B9%B4%E5%8F%8E%E3%83%BB%E7%B5%A6%E4%B8%8E&text=%E7%B5%A6%E4%B8%8E%E5%88%B6%E5%BA%A6%3A,%E3%81%8A%E8%82%89%E3%81%8C%E8%B2%B0%E3%81%88%E3%81%BE%E3%81%99%E3%80%82",自動車部品,広報,確定候補,32,https://en-hyouban.com/company/10096519895/18/,九州小島株式会社様の採用情報を拝見し、広報の自動車部品様にお力添えできる内容がありご連絡しました。
株式会社ドラッグストアモリ,https://www.doramori.co.jp/company/group/#:~:text=%E3%83%8A%E3%83%81%E3%83%A5%E3%83%A9%E3%83%AB%E3%83%9B%E3%83%BC%E3%83%AB%E3%83%87%E3%82%A3%E3%83%B3%E3%82%B0%E3%82%B9%EF%BD%9C%E3%83%89%E3%83%A9%E3%83%83%E3%82%B0%E3%82%B9%E3%83%88%E3%82%A2%E3%83%A2%E3%83%AA,方針,採用,確定候補,22,https://www.doramori.co.jp/news/13735.html/,株式会社ドラッグストアモリ様の採用情報を拝見し、採用の方針様にお力添えできる内容がありご連絡しました。
株式会社ドラッグストアモリ,https://www.doramori.co.jp/company/group/#:~:text=%E3%83%8A%E3%83%81%E3%83%A5%E3%83%A9%E3%83%AB%E3%83%9B%E3%83%BC%E3%83%AB%E3%83%87%E3%82%A3%E3%83%B3%E3%82%B0%E3%82%B9%EF%BD%9C%E3%83%89%E3%83%A9%E3%83%83%E3%82%B0%E3%82%B9%E3%83%88%E3%82%A2%E3%83%A2%E3%83%AA,公表,採用,確定候補,22,https://www.doramori.co.jp/news/13735.html/,株式会社ドラッグストアモリ様の採用情報を拝見し、採用の公表様にお力添えできる内容がありご連絡しました。
株式会社ドラッグストアモリ,https://www.doramori.co.jp/company/group/#:~:text=%E3%83%8A%E3%83%81%E3%83%A5%E3%83%A9%E3%83%AB%E3%83%9B%E3%83%BC%E3%83%AB%E3%83%87%E3%82%A3%E3%83%B3%E3%82%B0%E3%82%B9%EF%BD%9C%E3%83%89%E3%83%A9%E3%83%83%E3%82%B0%E3%82%B9%E3%83%88%E3%82%A2%E3%83%A2%E3%83%AA,店舗,採用,確定候補,22,https://www.doramori.co.jp/news/13735.html/,株式会社ドラッグストアモリ様の採用情報を拝見し、採用の店舗様にお力添えできる内容がありご連絡しました。
株式会社ドラッグストアモリ,https://www.doramori.co.jp/company/group/#:~:text=%E3%83%8A%E3%83%81%E3%83%A5%E3%83%A9%E3%83%AB%E3%83%9B%E3%83%BC%E3%83%AB%E3%83%87%E3%82%A3%E3%83%B3%E3%82%B0%E3%82%B9%EF%BD%9C%E3%83%89%E3%83%A9%E3%83%83%E3%82%B0%E3%82%B9%E3%83%88%E3%82%A2%E3%83%A2%E3%83%AA,店舗,採用,確定候補,22,https://www.doramori.co.jp/company/,株式会社ドラッグストアモリ様の採用情報を拝見し、採用の店舗様にお力添えできる内容がありご連絡しました。
株式会社ドラッグストアモリ,https://www.doramori.co.jp/company/group/#:~:text=%E3%83%8A%E3%83%81%E3%83%A5%E3%83%A9%E3%83%AB%E3%83%9B%E3%83%BC%E3%83%AB%E3%83%87%E3%82%A3%E3%83%B3%E3%82%B0%E3%82%B9%EF%BD%9C%E3%83%89%E3%83%A9%E3%83%83%E3%82%B0%E3%82%B9%E3%83%88%E3%82%A2%E3%83%A2%E3%83%AA,物件,採用,確定候補,22,https://www.doramori.co.jp/company/,株式会社ドラッグストアモリ様の採用情報を拝見し、採用の物件様にお力添えできる内容がありご連絡しました。
株式会社ドラッグストアモリ,https://www.doramori.co.jp/company/group/#:~:text=%E3%83%8A%E3%83%81%E3%83%A5%E3%83%A9%E3%83%AB%E3%83%9B%E3%83%BC%E3%83%AB%E3%83%87%E3%82%A3%E3%83%B3%E3%82%B0%E3%82%B9%EF%BD%9C%E3%83%89%E3%83%A9%E3%83%83%E3%82%B0%E3%82%B9%E3%83%88%E3%82%A2%E3%83%A2%E3%83%AA,募集,採用,確定候補,22,https://www.doramori.co.jp/company/,株式会社ドラッグストアモリ様の採用情報を拝見し、採用の募集様にお力添えできる内容がありご連絡しました。
株式会社ドラッグストアモリ,https://www.doramori.co.jp/company/group/#:~:text=%E3%83%8A%E3%83%81%E3%83%A5%E3%83%A9%E3%83%AB%E3%83%9B%E3%83%BC%E3%83%AB%E3%83%87%E3%82%A3%E3%83%B3%E3%82%B0%E3%82%B9%EF%BD%9C%E3%83%89%E3%83%A9%E3%83%83%E3%82%B0%E3%82%B9%E3%83%88%E3%82%A2%E3%83%A2%E3%83%AA,社会貢献,採用,確定候補,22,https://www.doramori.co.jp/company/csr/,株式会社ドラッグストアモリ様の採用情報を拝見し、採用の社会貢献様にお力添えできる内容がありご連絡しました。
株式会社ドラッグストアモリ,https://www.doramori.co.jp/company/group/#:~:text=%E3%83%8A%E3%83%81%E3%83%A5%E3%83%A9%E3%83%AB%E3%83%9B%E3%83%BC%E3%83%AB%E3%83%87%E3%82%A3%E3%83%B3%E3%82%B0%E3%82%B9%EF%BD%9C%E3%83%89%E3%83%A9%E3%83%83%E3%82%B0%E3%82%B9%E3%83%88%E3%82%A2%E3%83%A2%E3%83%AA,地域活動,採用,確定候補,22,https://www.doramori.co.jp/company/csr/,株式会社ドラッグストアモリ様の採用情報を拝見し、採用の地域活動様にお力添えできる内容がありご連絡しました。
株式会社ドラッグストアモリ,https://www.doramori.co.jp/company/group/#:~:text=%E3%83%8A%E3%83%81%E3%83%A5%E3%83%A9%E3%83%AB%E3%83%9B%E3%83%BC%E3%83%AB%E3%83%87%E3%82%A3%E3%83%B3%E3%82%B0%E3%82%B9%EF%BD%9C%E3%83%89%E3%83%A9%E3%83%83%E3%82%B0%E3%82%B9%E3%83%88%E3%82%A2%E3%83%A2%E3%83%AA,店舗,採用,確定候補,22,https://www.doramori.co.jp/company/csr/,株式会社ドラッグストアモリ様の採用情報を拝見し、採用の店舗様にお力添えできる内容がありご連絡しました。
株式会社ドラッグストアモリ,https://www.doramori.co.jp/company/group/#:~:text=%E3%83%8A%E3%83%81%E3%83%A5%E3%83%A9%E3%83%AB%E3%83%9B%E3%83%BC%E3%83%AB%E3%83%87%E3%82%A3%E3%83%B3%E3%82%B0%E3%82%B9%EF%BD%9C%E3%83%89%E3%83%A9%E3%83%83%E3%82%B0%E3%82%B9%E3%83%88%E3%82%A2%E3%83%A2%E3%83%AA,店舗,採用,確定候補,22,https://www.doramori.co.jp/company/group/,株式会社ドラッグストアモリ様の採用情報を拝見し、採用の店舗様にお力添えできる内容がありご連絡しました。
株式会社ドラッグストアモリ,https://www.doramori.co.jp/company/group/#:~:text=%E3%83%8A%E3%83%81%E3%83%A5%E3%83%A9%E3%83%AB%E3%83%9B%E3%83%BC%E3%83%AB%E3%83%87%E3%82%A3%E3%83%B3%E3%82%B0%E3%82%B9%EF%BD%9C%E3%83%89%E3%83%A9%E3%83%83%E3%82%B0%E3%82%B9%E3%83%88%E3%82%A2%E3%83%A2%E3%83%AA,物件,採用,確定候補,22,https://www.doramori.co.jp/company/group/,株式会社ドラッグストアモリ様の採用情報を拝見し、採用の物件様にお力添えできる内容がありご連絡しました。
株式会社ドラッグストアモリ,https://www.doramori.co.jp/company/group/#:~:text=%E3%83%8A%E3%83%81%E3%83%A5%E3%83%A9%E3%83%AB%E3%83%9B%E3%83%BC%E3%83%AB%E3%83%87%E3%82%A3%E3%83%B3%E3%82%B0%E3%82%B9%EF%BD%9C%E3%83%89%E3%83%A9%E3%83%83%E3%82%B0%E3%82%B9%E3%83%88%E3%82%A2%E3%83%A2%E3%83%AA,募集,採用,確定候補,22,https://www.doramori.co.jp/company/group/,株式会社ドラッグストアモリ様の採用情報を拝見し、採用の募集様にお力添えできる内容がありご連絡しました。
